"","BARANG","BARDIA","OCCAGE","OCCWT","HH","HW","HR","HS","CD","CS","AD","HD","KD","HB","NB","CB","KB","TEMP","IMPANG","OFFSET","IMPPNT","ENGDSP","VEHTWT","CURBWT","WHLBAS","VEHLEN","VEHWID","VEHCG","BX1","BX2","BX3","BX4","BX5","BX6","BX7","BX8","BX9","BX10","BX11","BX12","BX13","BX14","BX15","BX16","BX17","BX18","BX19","BX20","BX21","VEHSPD","CRBANG","PDOF","CARANG","VEHOR"
"BARANG",1,0.0648044399638375,-0.00296768815781772,0.0606152522470234,-0.0109477787286856,-0.00953804387888882,-0.012325734634714,-0.0126635940549657,-0.023162052730604,0.0466203161592344,-0.0122686470229696,-0.0125518428377843,-0.00968031078478398,0.0802561178869086,0.0801031926983827,0.0801031926983827,0.0800014686788929,0.106580094461431,-0.00229057959523467,0.162296487312028,0.044619836070082,-0.00562797801024969,-0.00229057959523467,0.0251913406433022,-0.00629808342583977,-0.00280623339366975,-0.0110108388992152,-0.0102312833202667,0.0501733583008514,0.0457625804007048,0.0456204733865828,0.0457625804007048,0.0457625804007048,0.0459053000491864,0.0459053000491864,0.0459053000491864,0.0459053000491864,0.0460486375749705,0.0459053000491864,0.0460486375749705,0.0460486375749705,0.0460486375749705,0.0456204733865828,0.0459053000491864,0.0459053000491864,0.0457625804007048,0.0493698565516554,0.0493698565516554,0.0453380766008658,-0.00114476511722134,0.213863164389488,-0.00550863409575937,0.0994782907257719,0.0991911994131564
"BARDIA",0.0648044399638375,1,0.324490426972986,0.716880082608794,-0.114668196985165,-0.0957340970718442,-0.125752697475319,-0.113390246334056,0.277605455922437,-0.0875561420793117,-0.131944191607458,-0.132196681531554,-0.0933200002563782,0.947757700369158,0.944657112269046,0.945941978507296,0.94601871482378,0.085331908302076,-0.00920250722811575,0.240696311779222,0.740561361995435,-0.000459786076311859,-0.00920250722811575,0.295746750756301,-0.0286079424995277,0.0108156508453949,0.146446242319844,-0.0720806316205678,-0.204876719691169,-0.16621075613166,-0.1645688786225,-0.163987119141366,-0.163987119141366,-0.16563126147119,-0.16563126147119,-0.16563126147119,-0.16563126147119,-0.167281195484191,-0.16563126147119,-0.167281195484191,-0.167281195484191,-0.167281195484191,-0.162348720545272,-0.16785839637619,-0.16563126147119,-0.161763482151072,-0.205149783913619,-0.205149783913619,-0.159088965547755,0.0224345886493077,-0.0447615268409485,-0.0654934884432373,0.741327608660213,0.73978558728313
"OCCAGE",-0.00296768815781772,0.324490426972986,1,0.719225112263252,0.206114436130597,0.177490730887786,0.226922006259016,0.237242118775209,0.0780774913261764,0.206114436130597,0.229224241945238,0.234975447860812,0.176043191656663,0.360067008238794,0.359753792123626,0.359753792123626,0.359973682871779,-0.0280297324230196,0.0447443315640682,0.26823855304432,0.669994759255246,0.0951816953683533,0.0267278086776513,0.29860117941792,0.0900021799422983,0.0253872920713724,-0.0158618323680409,0.158589828627485,0.370289688740094,0.375083058677407,0.373655191523021,0.372861176218115,0.372861176218115,0.374291396387956,0.372066018773941,0.372066018773941,0.372066018773941,0.373498603421544,0.372066018773941,0.373498603421544,0.373498603421544,0.373498603421544,0.369218378940591,0.374291396387956,0.374291396387956,0.375083058677407,0.369623408353655,0.369623408353655,0.373028315855083,0.0223619166408768,0.109937290391386,0.107606018563409,0.429117177692055,0.42792246752854
"OCCWT",0.0606152522470234,0.716880082608794,0.719225112263252,1,0.150852719332085,0.130414123488693,0.167340987681155,0.165707671902972,0.32517739840093,0.150852719332085,0.166505497698506,0.170647425210546,0.132483891548203,0.74277261323726,0.742969727027166,0.742969727027166,0.74393536429157,0.0778003881434847,0.032350665969989,0.364663851941493,0.954408138431469,0.0794859244685527,0.032350665969989,0.411938259914576,0.0825216376932388,0.0253118842126518,0.136778791709351,0.128433848784746,0.262017966418221,0.278603894551248,0.27916386328712,0.278603894551248,0.278603894551248,0.278043177122504,0.278043177122504,0.278043177122504,0.278043177122504,0.277481706115131,0.278043177122504,0.277481706115131,0.277481706115131,0.277481706115131,0.27916386328712,0.278043177122504,0.278043177122504,0.278603894551248,0.264928200186664,0.264928200186664,0.280281574002664,0.0161679227381438,0.0794859244685527,0.0778003881434847,0.601332922945788,0.600442475428532
"HH",-0.0109477787286856,-0.114668196985165,0.206114436130597,0.150852719332085,1,0.858060956242023,0.846872569537361,0.824201927934497,0.442786942529136,0.896052432106556,0.87158209925396,0.862045088334458,0.845272351631726,-0.0405873652899488,-0.0408842096488383,-0.0408842096488383,-0.0410820635030686,0.0309245088366613,-0.00584288474659365,0.121877495171632,0.0638978113007741,0.117751697730965,0.0479247850001502,0.0642588890153436,0.338744339319097,0.036756310693582,0.0178619457136238,0.65128427904346,0.438137464770205,0.412280570539062,0.411455690288542,0.412280570539062,0.418911452815318,0.413109539061741,0.41975085211457,0.413109539061741,0.41975085211457,0.413942631330333,0.41975085211457,0.413942631330333,0.413942631330333,0.413942631330333,0.411455690288542,0.413109539061741,0.413109539061741,0.412280570539062,0.433391642148219,0.433391642148219,0.416417982807144,-0.00292010400152011,0.403985105434524,0.413221455813652,-0.020122763426841,-0.020543575881915
"HW",-0.00953804387888882,-0.0957340970718442,0.177490730887786,0.130414123488693,0.858060956242023,1,0.762048969973854,0.741696031398482,0.404983334937303,0.858060956242023,0.765598623171906,0.748306815809495,0.970497350172206,-0.00957911536146566,-0.00984753513526337,-0.00984753513526337,-0.0100263885611423,0.0390435104766917,-0.00509050214417251,0.107777529074548,0.0293848746580067,0.0628129838150474,0.0562201045628464,0.0559843341947574,0.390588457571631,0.0438387345512787,0.0279246960119176,0.749673300413607,0.46516781788016,0.438710720068531,0.437867650006636,0.438710720068531,0.446271832857591,0.439558031474233,0.447131038348403,0.439558031474233,0.447131038348403,0.440409621075696,0.447131038348403,0.440409621075696,0.440409621075696,0.440409621075696,0.437867650006636,0.439558031474233,0.439558031474233,0.438710720068531,0.460307673231946,0.460307673231946,0.436194088719263,-0.00254408504114528,0.464521788067063,0.47497197588726,0.00666446544950486,0.00627031970233328
"HR",-0.012325734634714,-0.125752697475319,0.226922006259016,0.167340987681155,0.846872569537361,0.762048969973854,1,0.964305336233931,0.39317486577445,0.753874674478143,0.958229585066143,0.963806883049688,0.750523592845104,-0.0609923628410701,-0.0613207556644316,-0.0613207556644316,-0.0615396698149711,0.0244181736179538,-0.00657830676637889,0.137000245199338,0.0911657938820403,0.121727356454261,0.0415255614627667,0.0723469147078527,0.369888182116871,0.109806748990642,0.0197637412886962,0.609701055145718,0.474047875309532,0.445842346011534,0.444942319412151,0.445842346011534,0.451774741608412,0.44674681881956,0.452688546431461,0.44674681881956,0.452688546431461,0.447655776404258,0.452688546431461,0.447655776404258,0.447655776404258,0.447655776404258,0.444942319412151,0.44674681881956,0.44674681881956,0.445842346011534,0.468871938665382,0.468871938665382,0.449060154848873,-0.00328764655556977,0.358110770647597,0.366444563238447,-0.0397904872058859,-0.0402447762278788
"HS",-0.0126635940549657,-0.113390246334056,0.237242118775209,0.165707671902972,0.824201927934497,0.741696031398482,0.964305336233931,1,0.374724613803306,0.733513201928105,0.932595739555023,0.93799206308853,0.730435488762983,-0.0541250132494764,-0.0544656533964447,-0.0544656533964447,-0.0546927134330302,0.0229853940915401,-0.006758624043701,0.14378951632203,0.0984063295512996,0.117860451813768,0.0401508089375796,0.074330008404463,0.342561457463059,0.106659187326185,0.0376649504020992,0.603772054812065,0.471539253469333,0.443290637635359,0.442389052525368,0.443290637635359,0.449075729851739,0.444196664591904,0.44999085710623,0.444196664591904,0.44999085710623,0.445107171915574,0.44999085710623,0.445107171915574,0.445107171915574,0.445107171915574,0.442389052525368,0.444196664591904,0.444196664591904,0.443290637635359,0.466356207662427,0.466356207662427,0.446357142302759,-0.00337776389073687,0.348374386226846,0.356519153274983,-0.0238776093808279,-0.024363690963245
"CD",-0.023162052730604,0.277605455922437,0.0780774913261764,0.32517739840093,0.442786942529136,0.404983334937303,0.39317486577445,0.374724613803306,1,0.430837669717255,0.41158141002356,0.400012020361728,0.411221512714721,0.302260720538802,0.299503155257262,0.301485161431759,0.302950565256878,0.0168032159620579,-0.0123617044108537,0.349790300609954,0.291338593799054,0.0265762323413469,0.043265965437988,0.135951576358002,0.19033970992833,0.053005971621346,-0.0059422836067691,0.314305112674563,0.162784060965087,0.147495724361146,0.143459668855634,0.147495724361146,0.147495724361146,0.144673940511668,0.148109469442024,0.148109469442024,0.148109469442024,0.145284737281378,0.148109469442024,0.145284737281378,0.145284737281378,0.145284737281378,0.153733968747151,0.144673940511668,0.148109469442024,0.144065591236469,0.159386528778181,0.159386528778181,0.145669144157759,-0.00617802063215215,0.186033626389429,0.191298150952659,-0.067900491792033,-0.0687619911068636
"CS",0.0466203161592344,-0.0875561420793117,0.206114436130597,0.150852719332085,0.896052432106556,0.858060956242023,0.753874674478143,0.733513201928105,0.430837669717255,1,0.79893679425568,0.780766657764062,0.845272351631726,-0.0137568821296978,-0.0140639248513111,-0.0140639248513111,-0.0142685191668691,0.075900620245719,-0.00584288474659365,0.143515543332819,0.0638978113007741,0.0957337432922301,0.0479247850001502,0.0642588890153436,0.338744339319097,0.036756310693582,0.0178619457136238,0.65128427904346,0.438137464770205,0.418911452815318,0.411455690288542,0.412280570539062,0.418911452815318,0.413109539061741,0.41975085211457,0.413109539061741,0.41975085211457,0.413942631330333,0.41975085211457,0.413942631330333,0.413942631330333,0.413942631330333,0.411455690288542,0.413109539061741,0.413109539061741,0.412280570539062,0.433391642148219,0.433391642148219,0.416417982807144,-0.00292010400152011,0.448021014311995,0.413221455813652,-0.0119473838787129,-0.0123774951212339
"AD",-0.0122686470229696,-0.131944191607458,0.229224241945238,0.166505497698506,0.87158209925396,0.765598623171906,0.958229585066143,0.932595739555023,0.41158141002356,0.79893679425568,1,0.977437909438907,0.754026939231463,-0.0667676916349409,-0.0670922608820783,-0.0670922608820783,-0.0673086392447599,0.0246659080339426,-0.00654783881994451,0.133414599115117,0.0899296498779979,0.102616042952309,0.0417645935542407,0.0720118342684185,0.35394238620378,0.110355107802708,0.020132994325798,0.601541558348635,0.470344971137869,0.442341060328173,0.441447449435213,0.442341060328173,0.448299177037744,0.443239084562929,0.44920657374838,0.443239084562929,0.44920657374838,0.444141560421476,0.44920657374838,0.444141560421476,0.444141560421476,0.444141560421476,0.441447449435213,0.443239084562929,0.443239084562929,0.436382943618601,0.46520611061901,0.46520611061901,0.439673316842501,-0.00327241956134351,0.359808370945065,0.368175222919247,-0.0461978370275015,-0.0466425245504839
"HD",-0.0125518428377843,-0.132196681531554,0.234975447860812,0.170647425210546,0.862045088334458,0.748306815809495,0.963806883049688,0.93799206308853,0.400012020361728,0.780766657764062,0.977437909438907,1,0.736960382638247,-0.0687341374252123,-0.0690660370273932,-0.0690660370273932,-0.0692873031935973,0.0234531259398758,-0.00669898185522931,0.132035763478819,0.0960253671096345,0.0997500544654391,0.0405981400364328,0.0736740754302813,0.345710172913111,0.107682186500356,0.0183218687875038,0.587610104746597,0.464161902382916,0.436314026711415,0.435425192574745,0.436314026711415,0.442146930550219,0.43720723730793,0.443049316655238,0.43720723730793,0.443049316655238,0.438104862315765,0.443049316655238,0.438104862315765,0.438104862315765,0.438104862315765,0.435425192574745,0.43720723730793,0.43720723730793,0.430481122872611,0.459052553973722,0.459052553973722,0.433660504150537,-0.00334795645814681,0.351537354108286,0.359743416836777,-0.0470698508294007,-0.0475250240992387
"KD",-0.00968031078478398,-0.0933200002563782,0.176043191656663,0.132483891548203,0.845272351631726,0.970497350172206,0.750523592845104,0.730435488762983,0.411221512714721,0.845272351631726,0.754026939231463,0.736960382638247,1,-0.00858135302820708,-0.00454675650777396,-0.00885421004145455,-0.00472964676721312,0.0381387111395085,-0.00516643070968341,0.122800264785859,0.0288292428345524,0.0615657751677478,0.0552808085936125,0.0568193815174184,0.384682376720282,0.0430405609189678,0.0268218905181727,0.738457168905419,0.457380413128921,0.43867678958671,0.437831435304955,0.43867678958671,0.446131427841124,0.439526392267285,0.446992757115963,0.439526392267285,0.446992757115963,0.440380280256461,0.446992757115963,0.440380280256461,0.440380280256461,0.440380280256461,0.437831435304955,0.439526392267285,0.439526392267285,0.43867678958671,0.460330822664744,0.460330822664744,0.436153326514917,-0.00258203193169576,0.457617772123156,0.467928492762638,0.00379030917037356,0.00339366662019823
"HB",0.0802561178869086,0.947757700369158,0.360067008238794,0.74277261323726,-0.0405873652899488,-0.00957911536146566,-0.0609923628410701,-0.0541250132494764,0.302260720538802,-0.0137568821296978,-0.0667676916349409,-0.0687341374252123,-0.00858135302820708,1,0.996823013154234,0.996823013154234,0.996827043037709,0.0880837696234904,-0.0106973803032965,0.293438913497581,0.721989950961286,-0.0043627523041481,-0.0106973803032965,0.310166683376742,-0.0326838588816301,0.00875483948595046,0.152528723138667,-0.00486575986028901,-0.165272316489918,-0.125793703557483,-0.124278368775497,-0.123593160108093,-0.123593160108093,-0.125110251712522,-0.125110251712522,-0.125110251712522,-0.125110251712522,-0.126632586216197,-0.125110251712522,-0.126632586216197,-0.126632586216197,-0.126632586216197,-0.122081268108986,-0.12731425674909,-0.125110251712522,-0.121392616658702,-0.161544957953861,-0.161544957953861,-0.119072912266015,0.021406736178725,0.105241362330738,0.0806208195048706,0.771499812504455,0.76980995431844
"NB",0.0801031926983827,0.944657112269046,0.359753792123626,0.742969727027166,-0.0408842096488383,-0.00984753513526337,-0.0613207556644316,-0.0544656533964447,0.299503155257262,-0.0140639248513111,-0.0670922608820783,-0.0690660370273932,-0.00454675650777396,0.996823013154234,1,0.998728961026515,0.998730087827175,0.0878931617361431,-0.0107586501226571,0.294367614246547,0.718536560423392,-0.00452162507409449,-0.0107586501226571,0.310767339546478,-0.0328510806204682,0.0378075979748155,0.152156675950181,-0.00515574498959538,-0.163448589757188,-0.119726910384918,-0.11822357960052,-0.117527203369972,-0.117527203369972,-0.119032232554799,-0.119032232554799,-0.119032232554799,-0.119032232554799,-0.12054244438977,-0.119032232554799,-0.12054244438977,-0.12054244438977,-0.12054244438977,-0.11602731405984,-0.12123539984116,-0.12123539984116,-0.115327496355026,-0.155171739121826,-0.155171739121826,-0.113042786445717,0.0213659464015461,0.105040828644349,0.0804330483115867,0.775400093810369,0.773701146648607
"CB",0.0801031926983827,0.945941978507296,0.359753792123626,0.742969727027166,-0.0408842096488383,-0.00984753513526337,-0.0613207556644316,-0.0544656533964447,0.301485161431759,-0.0140639248513111,-0.0670922608820783,-0.0690660370273932,-0.00885421004145455,0.996823013154234,0.998728961026515,1,0.998730087827175,0.0878931617361431,-0.0107586501226571,0.292573080565096,0.719783032183851,-0.00452162507409449,-0.0107586501226571,0.310767339546478,-0.0328510806204682,0.0378075979748155,0.152156675950181,-0.00515574498959538,-0.163448589757188,-0.121926617399864,-0.120419845141201,-0.119726910384918,-0.119726910384918,-0.12123539984116,-0.12123539984116,-0.12123539984116,-0.12123539984116,-0.122749090909181,-0.12123539984116,-0.122749090909181,-0.122749090909181,-0.122749090909181,-0.11822357960052,-0.123438567127521,-0.123438567127521,-0.117527203369972,-0.157460086398201,-0.157460086398201,-0.115232224781304,0.0213659464015461,0.105040828644349,0.0804330483115867,0.775400093810369,0.773701146648607
"KB",0.0800014686788929,0.94601871482378,0.359973682871779,0.74393536429157,-0.0410820635030686,-0.0100263885611423,-0.0615396698149711,-0.0546927134330302,0.302950565256878,-0.0142685191668691,-0.0673086392447599,-0.0692873031935973,-0.00472964676721312,0.996827043037709,0.998730087827175,0.998730087827175,1,0.0877663475068251,-0.0107994926049306,0.295584979142329,0.719560293722828,-0.00462748251683119,-0.0107994926049306,0.311168151679033,-0.0329625577306041,0.0377447467217901,0.151909108311065,-0.0053489567690712,-0.163772425954761,-0.120083485146455,-0.118581267720616,-0.117884330960839,-0.117884330960839,-0.119388245451969,-0.119388245451969,-0.119388245451969,-0.119388245451969,-0.120897340376736,-0.119388245451969,-0.120897340376736,-0.120897340376736,-0.120897340376736,-0.116385554144356,-0.121590859039366,-0.119388245451969,-0.115685176775223,-0.155501466618435,-0.155501466618435,-0.113403244982339,0.0213388135261268,0.10490743601741,0.0803081089544566,0.775740712237995,0.774038276132196
"TEMP",0.106580094461431,0.085331908302076,-0.0280297324230196,0.0778003881434847,0.0309245088366613,0.0390435104766917,0.0244181736179538,0.0229853940915401,0.0168032159620579,0.075900620245719,0.0246659080339426,0.0234531259398758,0.0381387111395085,0.0880837696234904,0.0878931617361431,0.0878931617361431,0.0877663475068251,1,-0.00293998581176497,0.00818885590356069,0.0813081097567073,0.0356467765901053,-0.00293998581176497,0.0323333815706409,0.0302961669812525,-0.00360183351805545,0.120065153025272,0.034828274363376,0.0295583573518533,0.0255377432149233,0.0254072876250145,0.0255377432149233,0.0255377432149233,0.0256687014323459,0.0256687014323459,0.0256687014323459,0.0256687014323459,0.025800166524168,0.0256687014323459,0.025800166524168,0.025800166524168,0.025800166524168,0.0254072876250145,0.0256687014323459,0.0256687014323459,0.0255377432149233,0.0288299218553109,0.0288299218553109,0.0251478675897971,-0.00146931947243222,0.0785171290530955,-0.00707039655702429,0.0958455904220496,0.0955133160073742
"IMPANG",-0.00229057959523467,-0.00920250722811575,0.0447443315640682,0.032350665969989,-0.00584288474659365,-0.00509050214417251,-0.00657830676637889,-0.006758624043701,-0.0123617044108537,-0.00584288474659365,-0.00654783881994451,-0.00669898185522931,-0.00516643070968341,-0.0106973803032965,-0.0107586501226571,-0.0107586501226571,-0.0107994926049306,-0.00293998581176497,1,0.0866184541761399,0.0338092336318339,0.0994969086489645,0.249083129584352,0.0134447456090178,-0.00336131890254522,-0.00149770092158441,-0.00587654027778731,-0.00546048753190695,0.0869387715164317,0.112620486960098,0.112406658579106,0.112620486960098,0.112620486960098,0.11283539597471,0.11283539597471,0.11283539597471,0.11283539597471,0.113051395016126,0.11283539597471,0.113051395016126,0.113051395016126,0.113051395016126,0.112406658579106,0.11283539597471,0.11283539597471,0.112620486960098,0.118099720146341,0.118099720146341,0.111982206709435,0.499770939897882,-0.00300368026110082,0.31112719416678,-0.0230259243350795,-0.0230925687841905
"OFFSET",0.162296487312028,0.240696311779222,0.26823855304432,0.364663851941493,0.121877495171632,0.107777529074548,0.137000245199338,0.14378951632203,0.349790300609954,0.143515543332819,0.133414599115117,0.132035763478819,0.122800264785859,0.293438913497581,0.294367614246547,0.292573080565096,0.295584979142329,0.00818885590356069,0.0866184541761399,1,0.326969145594415,0.0271977568541542,0.0362524520673301,0.155218027577331,0.0165876783875858,0.0238454593324723,-0.0409428784246484,0.0927069040860877,0.184832364193505,0.179037695973892,0.175222304845998,0.175932009673163,0.179037695973892,0.17664458316772,0.179755154899762,0.179755154899762,0.179755154899762,0.177360049705368,0.179755154899762,0.177360049705368,0.177360049705368,0.177360049705368,0.175222304845998,0.17664458316772,0.179755154899762,0.175932009673163,0.193885559319542,0.193885559319542,0.179993781781928,0.043289386256111,0.202509964576556,0.20830944752556,0.130477930681671,0.129257760395777
"IMPPNT",0.044619836070082,0.740561361995435,0.669994759255246,0.954408138431469,0.0638978113007741,0.0293848746580067,0.0911657938820403,0.0984063295512996,0.291338593799054,0.0638978113007741,0.0899296498779979,0.0960253671096345,0.0288292428345524,0.721989950961286,0.718536560423392,0.719783032183851,0.719560293722828,0.0813081097567073,0.0338092336318339,0.326969145594415,1,0.0759066550390266,0.0163172801609104,0.394018020630008,0.080135103110144,-0.0157256021625406,0.147573056717567,0.0428336887100385,0.195029954083502,0.20744582925839,0.208162024846531,0.20744582925839,0.20744582925839,0.206728135815839,0.206728135815839,0.206728135815839,0.206728135815839,0.206008933152651,0.206728135815839,0.206008933152651,0.206008933152651,0.206008933152651,0.208162024846531,0.206728135815839,0.206728135815839,0.20744582925839,0.189779966355183,0.189779966355183,0.209589967316045,0.0168968724694087,-0.0673530533996479,-0.0576943891775257,0.584940644979427,0.582857808472947
"ENGDSP",-0.00562797801024969,-0.000459786076311859,0.0951816953683533,0.0794859244685527,0.117751697730965,0.0628129838150474,0.121727356454261,0.117860451813768,0.0265762323413469,0.0957337432922301,0.102616042952309,0.0997500544654391,0.0615657751677478,-0.0043627523041481,-0.00452162507409449,-0.00452162507409449,-0.00462748251683119,0.0356467765901053,0.0994969086489645,0.0271977568541542,0.0759066550390266,1,-0.00300368026110082,0.0330338805070869,0.104473765369346,0.0800371033495724,0.0293587324832672,0.0804988496852471,0.187078357867076,0.188223725968335,0.187836785041857,0.188223725968335,0.188223725968335,0.188612565883865,0.188612565883865,0.188612565883865,0.188612565883865,0.189003321250972,0.188612565883865,0.189003321250972,0.189003321250972,0.189003321250972,0.187836785041857,0.188612565883865,0.188612565883865,0.200864581365471,0.198120592922467,0.198120592922467,0.199650380608105,0.203406110531436,-0.00738007380073801,-0.00722357587288478,-0.00202665010717441,-0.00225244017553758
"VEHTWT",-0.00229057959523467,-0.00920250722811575,0.0267278086776513,0.032350665969989,0.0479247850001502,0.0562201045628464,0.0415255614627667,0.0401508089375796,0.043265965437988,0.0479247850001502,0.0417645935542407,0.0405981400364328,0.0552808085936125,-0.0106973803032965,-0.0107586501226571,-0.0107586501226571,-0.0107994926049306,-0.00293998581176497,0.249083129584352,0.0362524520673301,0.0163172801609104,-0.00300368026110082,1,0.0134447456090178,-0.00336131890254522,-0.00149770092158441,-0.00587654027778731,0.0518746315531161,0.0869387715164317,0.0817516185463361,0.0815860849680287,0.0817516185463361,0.0817516185463361,0.0819179689746135,0.0819179689746135,0.0819179689746135,0.0819179689746135,0.0820851433377961,0.0819179689746135,0.0820851433377961,0.0820851433377961,0.0820851433377961,0.0815860849680287,0.0819179689746135,0.0819179689746135,0.0817516185463361,0.0859869476364298,0.0859869476364298,0.081257440446444,-0.000610966919190564,-0.00300368026110082,0.101749074181083,-0.0230259243350795,-0.0230925687841905
"CURBWT",0.0251913406433022,0.295746750756301,0.29860117941792,0.411938259914576,0.0642588890153436,0.0559843341947574,0.0723469147078527,0.074330008404463,0.135951576358002,0.0642588890153436,0.0720118342684185,0.0736740754302813,0.0568193815174184,0.310166683376742,0.310767339546478,0.310767339546478,0.311168151679033,0.0323333815706409,0.0134447456090178,0.155218027577331,0.394018020630008,0.0330338805070869,0.0134447456090178,1,0.0369671194404018,0.0164714180532789,0.0646290258805259,0.0540764854863334,0.112665634806636,0.119380993386944,0.119608088870964,0.119380993386944,0.119380993386944,0.119153617469746,0.119153617469746,0.119153617469746,0.119153617469746,0.118925959357689,0.119153617469746,0.118925959357689,0.118925959357689,0.118925959357689,0.119608088870964,0.119153617469746,0.119153617469746,0.119380993386944,0.113842315564829,0.113842315564829,0.120061445510746,0.00671929314970676,0.0330338805070869,0.0323333815706409,0.253234554589868,0.253967497039469
"WHLBAS",-0.00629808342583977,-0.0286079424995277,0.0900021799422983,0.0825216376932388,0.338744339319097,0.390588457571631,0.369888182116871,0.342561457463059,0.19033970992833,0.338744339319097,0.35394238620378,0.345710172913111,0.384682376720282,-0.0326838588816301,-0.0328510806204682,-0.0328510806204682,-0.0329625577306041,0.0302961669812525,-0.00336131890254522,0.0165876783875858,0.080135103110144,0.104473765369346,-0.00336131890254522,0.0369671194404018,1,0.295673609254905,0.121076481213268,0.573532198035079,0.256857322281572,0.24175604142311,0.241274339225325,0.24175604142311,0.24175604142311,0.242240134655704,0.242240134655704,0.242240134655704,0.242240134655704,0.242726639672886,0.242240134655704,0.242726639672886,0.242726639672886,0.242726639672886,0.241274339225325,0.242240134655704,0.242240134655704,0.253072810851867,0.254085365563737,0.254085365563737,0.240318026179861,-0.00167988950722154,-0.00825879568137122,-0.00808366404372167,-0.0354056817748723,-0.0356206646502946
"VEHLEN",-0.00280623339366975,0.0108156508453949,0.0253872920713724,0.0253118842126518,0.036756310693582,0.0438387345512787,0.109806748990642,0.106659187326185,0.053005971621346,0.036756310693582,0.110355107802708,0.107682186500356,0.0430405609189678,0.00875483948595046,0.0378075979748155,0.0378075979748155,0.0377447467217901,-0.00360183351805545,-0.00149770092158441,0.0238454593324723,-0.0157256021625406,0.0800371033495724,-0.00149770092158441,0.0164714180532789,0.295673609254905,1,0.123830767522147,0.0869667364387751,0.0932813763883554,0.112761506131952,0.112538985442301,0.112761506131952,0.112761506131952,0.112985135282461,0.112985135282461,0.112985135282461,0.112985135282461,0.113209882516348,0.112985135282461,0.113209882516348,0.113209882516348,0.113209882516348,0.112538985442301,0.112985135282461,0.112985135282461,0.112761506131952,0.118458266764353,0.118458266764353,0.112097231532908,-0.000748507397266165,-0.00367986682067,-0.00360183351805545,0.00287503537828095,0.00275803199591265
"VEHWID",-0.0110108388992152,0.146446242319844,-0.0158618323680409,0.136778791709351,0.0178619457136238,0.0279246960119176,0.0197637412886962,0.0376649504020992,-0.0059422836067691,0.0178619457136238,0.020132994325798,0.0183218687875038,0.0268218905181727,0.152528723138667,0.152156675950181,0.152156675950181,0.151909108311065,0.120065153025272,-0.00587654027778731,-0.0409428784246484,0.147573056717567,0.0293587324832672,-0.00587654027778731,0.0646290258805259,0.121076481213268,0.123830767522147,1,0.059496867200565,0.00612232955925302,0.00057977810021856,0.00698263178463057,0.00057977810021856,0.00057977810021856,0.00076215579042164,0.00076215579042164,0.00076215579042164,0.00076215579042164,0.000945111618070869,0.00076215579042164,0.000945111618070869,0.000945111618070869,0.000945111618070869,0.000397973832284644,0.00076215579042164,0.00076215579042164,0.00057977810021856,0.0051266990712591,0.0051266990712591,0.00660025617597311,-0.00293692405797752,-0.0144387208934101,-0.0141325410418693,0.206427429891192,0.205746380424064
"VEHCG",-0.0102312833202667,-0.0720806316205678,0.158589828627485,0.128433848784746,0.65128427904346,0.749673300413607,0.609701055145718,0.603772054812065,0.314305112674563,0.65128427904346,0.601541558348635,0.587610104746597,0.738457168905419,-0.00486575986028901,-0.00515574498959538,-0.00515574498959538,-0.0053489567690712,0.034828274363376,-0.00546048753190695,0.0927069040860877,0.0428336887100385,0.0804988496852471,0.0518746315531161,0.0540764854863334,0.573532198035079,0.0869667364387751,0.059496867200565,1,0.436559335692094,0.411118661569088,0.41030737045354,0.411118661569088,0.411118661569088,0.411933994036692,0.411933994036692,0.411933994036692,0.411933994036692,0.41275340293922,0.411933994036692,0.41275340293922,0.41275340293922,0.41275340293922,0.41030737045354,0.411933994036692,0.411933994036692,0.418189498500252,0.431888556250449,0.431888556250449,0.408696774052318,-0.0027289929861218,0.432681317058203,0.442490371010104,0.032276655822507,0.0318252822588386
"BX1",0.0501733583008514,-0.204876719691169,0.370289688740094,0.262017966418221,0.438137464770205,0.46516781788016,0.474047875309532,0.471539253469333,0.162784060965087,0.438137464770205,0.470344971137869,0.464161902382916,0.457380413128921,-0.165272316489918,-0.163448589757188,-0.163448589757188,-0.163772425954761,0.0295583573518533,0.0869387715164317,0.184832364193505,0.195029954083502,0.187078357867076,0.0869387715164317,0.112665634806636,0.256857322281572,0.0932813763883554,0.00612232955925302,0.436559335692094,1,0.943748511469148,0.941956650843092,0.943748511469148,0.943748511469148,0.945549427697764,0.945549427697764,0.945549427697764,0.945549427697764,0.947359478242902,0.945549427697764,0.947359478242902,0.947359478242902,0.947359478242902,0.941956650843092,0.945549427697764,0.945549427697764,0.939753483579503,0.989663942161094,0.989663942161094,0.938399786270711,-0.00511984218952346,0.279937251862916,0.273436518303873,-0.119071424772431,-0.119713934782912
"BX2",0.0457625804007048,-0.16621075613166,0.375083058677407,0.278603894551248,0.412280570539062,0.438710720068531,0.445842346011534,0.443290637635359,0.147495724361146,0.418911452815318,0.442341060328173,0.436314026711415,0.43867678958671,-0.125793703557483,-0.119726910384918,-0.121926617399864,-0.120083485146455,0.0255377432149233,0.112620486960098,0.179037695973892,0.20744582925839,0.188223725968335,0.0817516185463361,0.119380993386944,0.24175604142311,0.112761506131952,0.00057977810021856,0.411118661569088,0.943748511469148,1,0.994300398438204,0.992386211512718,0.992386211512718,0.994282493181851,0.994282493181851,0.994282493181851,0.994282493181851,0.996188387980821,0.994282493181851,0.996188387980821,0.996188387980821,0.996188387980821,0.990499460137096,0.994282493181851,0.994282493181851,0.988579317269076,0.953605028196054,0.953605028196054,0.990543344784112,0.0562844466198053,0.264068858351148,0.257931206470725,-0.0730347050798324,-0.0737759466701978
"BX3",0.0456204733865828,-0.1645688786225,0.373655191523021,0.27916386328712,0.411455690288542,0.437867650006636,0.444942319412151,0.442389052525368,0.143459668855634,0.411455690288542,0.441447449435213,0.435425192574745,0.437831435304955,-0.124278368775497,-0.11822357960052,-0.120419845141201,-0.118581267720616,0.0254072876250145,0.112406658579106,0.175222304845998,0.208162024846531,0.187836785041857,0.0815860849680287,0.119608088870964,0.241274339225325,0.112538985442301,0.00698263178463057,0.41030737045354,0.941956650843092,0.994300398438204,1,0.990499460137096,0.990499460137096,0.992393411472557,0.992393411472557,0.992393411472557,0.992393411472557,0.994296961687837,0.992393411472557,0.994296961687837,0.994296961687837,0.994296961687837,0.988615024969794,0.992393411472557,0.992393411472557,0.986698521835988,0.95179445336381,0.95179445336381,0.984874377260804,0.0561775814088601,0.26356325658962,0.257437167859156,-0.0689429755935079,-0.0696904392410453
"BX4",0.0457625804007048,-0.163987119141366,0.372861176218115,0.278603894551248,0.412280570539062,0.438710720068531,0.445842346011534,0.443290637635359,0.147495724361146,0.412280570539062,0.442341060328173,0.436314026711415,0.43867678958671,-0.123593160108093,-0.117527203369972,-0.119726910384918,-0.117884330960839,0.0255377432149233,0.112620486960098,0.175932009673163,0.20744582925839,0.188223725968335,0.0817516185463361,0.119380993386944,0.24175604142311,0.112761506131952,0.00057977810021856,0.411118661569088,0.943748511469148,0.992386211512718,0.990499460137096,1,0.992386211512718,0.998095375899068,0.994282493181851,0.994282493181851,0.994282493181851,0.996188387980821,0.994282493181851,0.996188387980821,0.996188387980821,0.996188387980821,0.990499460137096,0.994282493181851,0.994282493181851,0.988579317269076,0.953605028196054,0.953605028196054,0.986754221896418,0.0562844466198053,0.264068858351148,0.257931206470725,-0.0706878978191457,-0.0714318086998808
"BX5",0.0457625804007048,-0.163987119141366,0.372861176218115,0.278603894551248,0.418911452815318,0.446271832857591,0.451774741608412,0.449075729851739,0.147495724361146,0.418911452815318,0.448299177037744,0.442146930550219,0.446131427841124,-0.123593160108093,-0.117527203369972,-0.119726910384918,-0.117884330960839,0.0255377432149233,0.112620486960098,0.179037695973892,0.20744582925839,0.188223725968335,0.0817516185463361,0.119380993386944,0.24175604142311,0.112761506131952,0.00057977810021856,0.411118661569088,0.943748511469148,0.992386211512718,0.990499460137096,0.992386211512718,1,0.994282493181851,0.998095375899068,0.994282493181851,0.998095375899068,0.996188387980821,0.998095375899068,0.996188387980821,0.996188387980821,0.996188387980821,0.990499460137096,0.994282493181851,0.994282493181851,0.988579317269076,0.953605028196054,0.953605028196054,0.986754221896418,0.0562844466198053,0.264068858351148,0.257931206470725,-0.068341090558459,-0.0690876707295637
"BX6",0.0459053000491864,-0.16563126147119,0.374291396387956,0.278043177122504,0.413109539061741,0.439558031474233,0.44674681881956,0.444196664591904,0.144673940511668,0.413109539061741,0.443239084562929,0.43720723730793,0.439526392267285,-0.125110251712522,-0.119032232554799,-0.12123539984116,-0.119388245451969,0.0256687014323459,0.11283539597471,0.17664458316772,0.206728135815839,0.188612565883865,0.0819179689746135,0.119153617469746,0.242240134655704,0.112985135282461,0.00076215579042164,0.411933994036692,0.945549427697764,0.994282493181851,0.992393411472557,0.998095375899068,0.994282493181851,1,0.996181119388979,0.996181119388979,0.996181119388979,0.998089373055627,0.996181119388979,0.998089373055627,0.998089373055627,0.998089373055627,0.992393411472557,0.996181119388979,0.996181119388979,0.990469610464635,0.955424753207641,0.955424753207641,0.98864355468368,0.0563918519000303,0.264577007220912,0.258427733580981,-0.0700880610321582,-0.0708310841703963
"BX7",0.0459053000491864,-0.16563126147119,0.372066018773941,0.278043177122504,0.41975085211457,0.447131038348403,0.452688546431461,0.44999085710623,0.148109469442024,0.41975085211457,0.44920657374838,0.443049316655238,0.446992757115963,-0.125110251712522,-0.119032232554799,-0.12123539984116,-0.119388245451969,0.0256687014323459,0.11283539597471,0.179755154899762,0.206728135815839,0.188612565883865,0.0819179689746135,0.119153617469746,0.242240134655704,0.112985135282461,0.00076215579042164,0.411933994036692,0.945549427697764,0.994282493181851,0.992393411472557,0.994282493181851,0.998095375899068,0.996181119388979,1,0.996181119388979,1,0.998089373055627,1,0.998089373055627,0.998089373055627,0.998089373055627,0.992393411472557,0.996181119388979,0.996181119388979,0.990469610464635,0.955424753207641,0.955424753207641,0.98864355468368,0.0563918519000303,0.264577007220912,0.258427733580981,-0.0700880610321582,-0.0708310841703963
"BX8",0.0459053000491864,-0.16563126147119,0.372066018773941,0.278043177122504,0.413109539061741,0.439558031474233,0.44674681881956,0.444196664591904,0.148109469442024,0.413109539061741,0.443239084562929,0.43720723730793,0.439526392267285,-0.125110251712522,-0.119032232554799,-0.12123539984116,-0.119388245451969,0.0256687014323459,0.11283539597471,0.179755154899762,0.206728135815839,0.188612565883865,0.0819179689746135,0.119153617469746,0.242240134655704,0.112985135282461,0.00076215579042164,0.411933994036692,0.945549427697764,0.994282493181851,0.992393411472557,0.994282493181851,0.994282493181851,0.996181119388979,0.996181119388979,1,0.996181119388979,0.998089373055627,0.996181119388979,0.998089373055627,0.998089373055627,0.998089373055627,0.992393411472557,0.996181119388979,0.996181119388979,0.990469610464635,0.955424753207641,0.955424753207641,0.98864355468368,0.0563918519000303,0.264577007220912,0.258427733580981,-0.0724385599617928,-0.0731789096107069
"BX9",0.0459053000491864,-0.16563126147119,0.372066018773941,0.278043177122504,0.41975085211457,0.447131038348403,0.452688546431461,0.44999085710623,0.148109469442024,0.41975085211457,0.44920657374838,0.443049316655238,0.446992757115963,-0.125110251712522,-0.119032232554799,-0.12123539984116,-0.119388245451969,0.0256687014323459,0.11283539597471,0.179755154899762,0.206728135815839,0.188612565883865,0.0819179689746135,0.119153617469746,0.242240134655704,0.112985135282461,0.00076215579042164,0.411933994036692,0.945549427697764,0.994282493181851,0.992393411472557,0.994282493181851,0.998095375899068,0.996181119388979,1,0.996181119388979,1,0.998089373055627,1,0.998089373055627,0.998089373055627,0.998089373055627,0.992393411472557,0.996181119388979,0.996181119388979,0.990469610464635,0.955424753207641,0.955424753207641,0.98864355468368,0.0563918519000303,0.264577007220912,0.258427733580981,-0.0700880610321582,-0.0708310841703963
"BX10",0.0460486375749705,-0.167281195484191,0.373498603421544,0.277481706115131,0.413942631330333,0.440409621075696,0.447655776404258,0.445107171915574,0.145284737281378,0.413942631330333,0.444141560421476,0.438104862315765,0.440380280256461,-0.126632586216197,-0.12054244438977,-0.122749090909181,-0.120897340376736,0.025800166524168,0.113051395016126,0.177360049705368,0.206008933152651,0.189003321250972,0.0820851433377961,0.118925959357689,0.242726639672886,0.113209882516348,0.000945111618070869,0.41275340293922,0.947359478242902,0.996188387980821,0.994296961687837,0.996188387980821,0.996188387980821,0.998089373055627,0.998089373055627,0.998089373055627,0.998089373055627,1,0.998089373055627,1,1,1,0.994296961687837,0.998089373055627,0.998089373055627,0.992369483974322,0.957253707934621,0.957253707934621,0.990542458086968,0.0564998019439762,0.265087725332834,0.25892677081426,-0.0718407986869314,-0.0725802562841093
"BX11",0.0459053000491864,-0.16563126147119,0.372066018773941,0.278043177122504,0.41975085211457,0.447131038348403,0.452688546431461,0.44999085710623,0.148109469442024,0.41975085211457,0.44920657374838,0.443049316655238,0.446992757115963,-0.125110251712522,-0.119032232554799,-0.12123539984116,-0.119388245451969,0.0256687014323459,0.11283539597471,0.179755154899762,0.206728135815839,0.188612565883865,0.0819179689746135,0.119153617469746,0.242240134655704,0.112985135282461,0.00076215579042164,0.411933994036692,0.945549427697764,0.994282493181851,0.992393411472557,0.994282493181851,0.998095375899068,0.996181119388979,1,0.996181119388979,1,0.998089373055627,1,0.998089373055627,0.998089373055627,0.998089373055627,0.992393411472557,0.996181119388979,0.996181119388979,0.990469610464635,0.955424753207641,0.955424753207641,0.98864355468368,0.0563918519000303,0.264577007220912,0.258427733580981,-0.0700880610321582,-0.0708310841703963
"BX12",0.0460486375749705,-0.167281195484191,0.373498603421544,0.277481706115131,0.413942631330333,0.440409621075696,0.447655776404258,0.445107171915574,0.145284737281378,0.413942631330333,0.444141560421476,0.438104862315765,0.440380280256461,-0.126632586216197,-0.12054244438977,-0.122749090909181,-0.120897340376736,0.025800166524168,0.113051395016126,0.177360049705368,0.206008933152651,0.189003321250972,0.0820851433377961,0.118925959357689,0.242726639672886,0.113209882516348,0.000945111618070869,0.41275340293922,0.947359478242902,0.996188387980821,0.994296961687837,0.996188387980821,0.996188387980821,0.998089373055627,0.998089373055627,0.998089373055627,0.998089373055627,1,0.998089373055627,1,1,1,0.994296961687837,0.998089373055627,0.998089373055627,0.992369483974322,0.957253707934621,0.957253707934621,0.990542458086968,0.0564998019439762,0.265087725332834,0.25892677081426,-0.0718407986869314,-0.0725802562841093
"BX13",0.0460486375749705,-0.167281195484191,0.373498603421544,0.277481706115131,0.413942631330333,0.440409621075696,0.447655776404258,0.445107171915574,0.145284737281378,0.413942631330333,0.444141560421476,0.438104862315765,0.440380280256461,-0.126632586216197,-0.12054244438977,-0.122749090909181,-0.120897340376736,0.025800166524168,0.113051395016126,0.177360049705368,0.206008933152651,0.189003321250972,0.0820851433377961,0.118925959357689,0.242726639672886,0.113209882516348,0.000945111618070869,0.41275340293922,0.947359478242902,0.996188387980821,0.994296961687837,0.996188387980821,0.996188387980821,0.998089373055627,0.998089373055627,0.998089373055627,0.998089373055627,1,0.998089373055627,1,1,1,0.994296961687837,0.998089373055627,0.998089373055627,0.992369483974322,0.957253707934621,0.957253707934621,0.990542458086968,0.0564998019439762,0.265087725332834,0.25892677081426,-0.0718407986869314,-0.0725802562841093
"BX14",0.0460486375749705,-0.167281195484191,0.373498603421544,0.277481706115131,0.413942631330333,0.440409621075696,0.447655776404258,0.445107171915574,0.145284737281378,0.413942631330333,0.444141560421476,0.438104862315765,0.440380280256461,-0.126632586216197,-0.12054244438977,-0.122749090909181,-0.120897340376736,0.025800166524168,0.113051395016126,0.177360049705368,0.206008933152651,0.189003321250972,0.0820851433377961,0.118925959357689,0.242726639672886,0.113209882516348,0.000945111618070869,0.41275340293922,0.947359478242902,0.996188387980821,0.994296961687837,0.996188387980821,0.996188387980821,0.998089373055627,0.998089373055627,0.998089373055627,0.998089373055627,1,0.998089373055627,1,1,1,0.994296961687837,0.998089373055627,0.998089373055627,0.992369483974322,0.957253707934621,0.957253707934621,0.990542458086968,0.0564998019439762,0.265087725332834,0.25892677081426,-0.0718407986869314,-0.0725802562841093
"BX15",0.0456204733865828,-0.162348720545272,0.369218378940591,0.27916386328712,0.411455690288542,0.437867650006636,0.444942319412151,0.442389052525368,0.153733968747151,0.411455690288542,0.441447449435213,0.435425192574745,0.437831435304955,-0.122081268108986,-0.11602731405984,-0.11822357960052,-0.116385554144356,0.0254072876250145,0.112406658579106,0.175222304845998,0.208162024846531,0.187836785041857,0.0815860849680287,0.119608088870964,0.241274339225325,0.112538985442301,0.000397973832284644,0.41030737045354,0.941956650843092,0.990499460137096,0.988615024969794,0.990499460137096,0.990499460137096,0.992393411472557,0.992393411472557,0.992393411472557,0.992393411472557,0.994296961687837,0.992393411472557,0.994296961687837,0.994296961687837,0.994296961687837,1,0.992393411472557,0.992393411472557,0.986698521835988,0.95179445336381,0.95179445336381,0.984874377260804,0.0561775814088601,0.26356325658962,0.257437167859156,-0.0712861112394119,-0.072030909772724
"BX16",0.0459053000491864,-0.16785839637619,0.374291396387956,0.278043177122504,0.413109539061741,0.439558031474233,0.44674681881956,0.444196664591904,0.144673940511668,0.413109539061741,0.443239084562929,0.43720723730793,0.439526392267285,-0.12731425674909,-0.12123539984116,-0.123438567127521,-0.121590859039366,0.0256687014323459,0.11283539597471,0.17664458316772,0.206728135815839,0.188612565883865,0.0819179689746135,0.119153617469746,0.242240134655704,0.112985135282461,0.00076215579042164,0.411933994036692,0.945549427697764,0.994282493181851,0.992393411472557,0.994282493181851,0.994282493181851,0.996181119388979,0.996181119388979,0.996181119388979,0.996181119388979,0.998089373055627,0.996181119388979,0.998089373055627,0.998089373055627,0.998089373055627,0.992393411472557,1,0.996181119388979,0.990469610464635,0.955424753207641,0.955424753207641,0.98864355468368,0.0563918519000303,0.264577007220912,0.258427733580981,-0.0700880610321582,-0.0708310841703963
"BX17",0.0459053000491864,-0.16563126147119,0.374291396387956,0.278043177122504,0.413109539061741,0.439558031474233,0.44674681881956,0.444196664591904,0.148109469442024,0.413109539061741,0.443239084562929,0.43720723730793,0.439526392267285,-0.125110251712522,-0.12123539984116,-0.123438567127521,-0.119388245451969,0.0256687014323459,0.11283539597471,0.179755154899762,0.206728135815839,0.188612565883865,0.0819179689746135,0.119153617469746,0.242240134655704,0.112985135282461,0.00076215579042164,0.411933994036692,0.945549427697764,0.994282493181851,0.992393411472557,0.994282493181851,0.994282493181851,0.996181119388979,0.996181119388979,0.996181119388979,0.996181119388979,0.998089373055627,0.996181119388979,0.998089373055627,0.998089373055627,0.998089373055627,0.992393411472557,0.996181119388979,1,0.990469610464635,0.955424753207641,0.955424753207641,0.98864355468368,0.0563918519000303,0.264577007220912,0.258427733580981,-0.0724385599617928,-0.0731789096107069
"BX18",0.0457625804007048,-0.161763482151072,0.375083058677407,0.278603894551248,0.412280570539062,0.438710720068531,0.445842346011534,0.443290637635359,0.144065591236469,0.412280570539062,0.436382943618601,0.430481122872611,0.43867678958671,-0.121392616658702,-0.115327496355026,-0.117527203369972,-0.115685176775223,0.0255377432149233,0.112620486960098,0.175932009673163,0.20744582925839,0.200864581365471,0.0817516185463361,0.119380993386944,0.253072810851867,0.112761506131952,0.00057977810021856,0.418189498500252,0.939753483579503,0.988579317269076,0.986698521835988,0.988579317269076,0.988579317269076,0.990469610464635,0.990469610464635,0.990469610464635,0.990469610464635,0.992369483974322,0.990469610464635,0.992369483974322,0.992369483974322,0.992369483974322,0.986698521835988,0.990469610464635,0.990469610464635,1,0.949644729840548,0.949644729840548,0.986754221896418,0.0562844466198053,0.264068858351148,0.257931206470725,-0.0659942832977723,-0.0667435327592467
"BX19",0.0493698565516554,-0.205149783913619,0.369623408353655,0.264928200186664,0.433391642148219,0.460307673231946,0.468871938665382,0.466356207662427,0.159386528778181,0.433391642148219,0.46520611061901,0.459052553973722,0.460330822664744,-0.161544957953861,-0.155171739121826,-0.157460086398201,-0.155501466618435,0.0288299218553109,0.118099720146341,0.193885559319542,0.189779966355183,0.198120592922467,0.0859869476364298,0.113842315564829,0.254085365563737,0.118458266764353,0.0051266990712591,0.431888556250449,0.989663942161094,0.953605028196054,0.95179445336381,0.953605028196054,0.953605028196054,0.955424753207641,0.955424753207641,0.955424753207641,0.955424753207641,0.957253707934621,0.955424753207641,0.957253707934621,0.957253707934621,0.957253707934621,0.95179445336381,0.955424753207641,0.955424753207641,0.949644729840548,1,1,0.948200440870424,0.0590228081392138,0.277022010672771,0.27058800376145,-0.111963430945267,-0.11262215053173
"BX20",0.0493698565516554,-0.205149783913619,0.369623408353655,0.264928200186664,0.433391642148219,0.460307673231946,0.468871938665382,0.466356207662427,0.159386528778181,0.433391642148219,0.46520611061901,0.459052553973722,0.460330822664744,-0.161544957953861,-0.155171739121826,-0.157460086398201,-0.155501466618435,0.0288299218553109,0.118099720146341,0.193885559319542,0.189779966355183,0.198120592922467,0.0859869476364298,0.113842315564829,0.254085365563737,0.118458266764353,0.0051266990712591,0.431888556250449,0.989663942161094,0.953605028196054,0.95179445336381,0.953605028196054,0.953605028196054,0.955424753207641,0.955424753207641,0.955424753207641,0.955424753207641,0.957253707934621,0.955424753207641,0.957253707934621,0.957253707934621,0.957253707934621,0.95179445336381,0.955424753207641,0.955424753207641,0.949644729840548,1,1,0.948200440870424,0.0590228081392138,0.277022010672771,0.27058800376145,-0.111963430945267,-0.11262215053173
"BX21",0.0453380766008658,-0.159088965547755,0.373028315855083,0.280281574002664,0.416417982807144,0.436194088719263,0.449060154848873,0.446357142302759,0.145669144157759,0.416417982807144,0.439673316842501,0.433660504150537,0.436153326514917,-0.119072912266015,-0.113042786445717,-0.115232224781304,-0.113403244982339,0.0251478675897971,0.111982206709435,0.179993781781928,0.209589967316045,0.199650380608105,0.081257440446444,0.120061445510746,0.240318026179861,0.112097231532908,0.00660025617597311,0.408696774052318,0.938399786270711,0.990543344784112,0.984874377260804,0.986754221896418,0.986754221896418,0.98864355468368,0.98864355468368,0.98864355468368,0.98864355468368,0.990542458086968,0.98864355468368,0.990542458086968,0.990542458086968,0.990542458086968,0.984874377260804,0.98864355468368,0.98864355468368,0.986754221896418,0.948200440870424,0.948200440870424,1,0.055965452699013,0.262559607184759,0.256456470933294,-0.0654701636633053,-0.0662247077104847
"VEHSPD",-0.00114476511722134,0.0224345886493077,0.0223619166408768,0.0161679227381438,-0.00292010400152011,-0.00254408504114528,-0.00328764655556977,-0.00337776389073687,-0.00617802063215215,-0.00292010400152011,-0.00327241956134351,-0.00334795645814681,-0.00258203193169576,0.021406736178725,0.0213659464015461,0.0213659464015461,0.0213388135261268,-0.00146931947243222,0.499770939897882,0.043289386256111,0.0168968724694087,0.203406110531436,-0.000610966919190564,0.00671929314970676,-0.00167988950722154,-0.000748507397266165,-0.00293692405797752,-0.0027289929861218,-0.00511984218952346,0.0562844466198053,0.0561775814088601,0.0562844466198053,0.0562844466198053,0.0563918519000303,0.0563918519000303,0.0563918519000303,0.0563918519000303,0.0564998019439762,0.0563918519000303,0.0564998019439762,0.0564998019439762,0.0564998019439762,0.0561775814088601,0.0563918519000303,0.0563918519000303,0.0562844466198053,0.0590228081392138,0.0590228081392138,0.055965452699013,1,-0.00150115210724307,-0.00146931947243222,-0.0115076878469602,-0.0115409948059314
"CRBANG",0.213863164389488,-0.0447615268409485,0.109937290391386,0.0794859244685527,0.403985105434524,0.464521788067063,0.358110770647597,0.348374386226846,0.186033626389429,0.448021014311995,0.359808370945065,0.351537354108286,0.457617772123156,0.105241362330738,0.105040828644349,0.105040828644349,0.10490743601741,0.0785171290530955,-0.00300368026110082,0.202509964576556,-0.0673530533996479,-0.00738007380073801,-0.00300368026110082,0.0330338805070869,-0.00825879568137122,-0.00367986682067,-0.0144387208934101,0.432681317058203,0.279937251862916,0.264068858351148,0.26356325658962,0.264068858351148,0.264068858351148,0.264577007220912,0.264577007220912,0.264577007220912,0.264577007220912,0.265087725332834,0.264577007220912,0.265087725332834,0.265087725332834,0.265087725332834,0.26356325658962,0.264577007220912,0.264577007220912,0.264068858351148,0.277022010672771,0.277022010672771,0.262559607184759,-0.00150115210724307,1,0.807313120923928,0.130447760419536,0.130071292162056
"PDOF",-0.00550863409575937,-0.0654934884432373,0.107606018563409,0.0778003881434847,0.413221455813652,0.47497197588726,0.366444563238447,0.356519153274983,0.191298150952659,0.413221455813652,0.368175222919247,0.359743416836777,0.467928492762638,0.0806208195048706,0.0804330483115867,0.0804330483115867,0.0803081089544566,-0.00707039655702429,0.31112719416678,0.20830944752556,-0.0576943891775257,-0.00722357587288478,0.101749074181083,0.0323333815706409,-0.00808366404372167,-0.00360183351805545,-0.0141325410418693,0.442490371010104,0.273436518303873,0.257931206470725,0.257437167859156,0.257931206470725,0.257931206470725,0.258427733580981,0.258427733580981,0.258427733580981,0.258427733580981,0.25892677081426,0.258427733580981,0.25892677081426,0.25892677081426,0.25892677081426,0.257437167859156,0.258427733580981,0.258427733580981,0.257931206470725,0.27058800376145,0.27058800376145,0.256456470933294,-0.00146931947243222,0.807313120923928,1,0.103804581429188,0.103463254350324
"CARANG",0.0994782907257719,0.741327608660213,0.429117177692055,0.601332922945788,-0.020122763426841,0.00666446544950486,-0.0397904872058859,-0.0238776093808279,-0.067900491792033,-0.0119473838787129,-0.0461978370275015,-0.0470698508294007,0.00379030917037356,0.771499812504455,0.775400093810369,0.775400093810369,0.775740712237995,0.0958455904220496,-0.0230259243350795,0.130477930681671,0.584940644979427,-0.00202665010717441,-0.0230259243350795,0.253234554589868,-0.0354056817748723,0.00287503537828095,0.206427429891192,0.032276655822507,-0.119071424772431,-0.0730347050798324,-0.0689429755935079,-0.0706878978191457,-0.068341090558459,-0.0700880610321582,-0.0700880610321582,-0.0724385599617928,-0.0700880610321582,-0.0718407986869314,-0.0700880610321582,-0.0718407986869314,-0.0718407986869314,-0.0718407986869314,-0.0712861112394119,-0.0700880610321582,-0.0724385599617928,-0.0659942832977723,-0.111963430945267,-0.111963430945267,-0.0654701636633053,-0.0115076878469602,0.130447760419536,0.103804581429188,1,0.997114030503329
"VEHOR",0.0991911994131564,0.73978558728313,0.42792246752854,0.600442475428532,-0.020543575881915,0.00627031970233328,-0.0402447762278788,-0.024363690963245,-0.0687619911068636,-0.0123774951212339,-0.0466425245504839,-0.0475250240992387,0.00339366662019823,0.76980995431844,0.773701146648607,0.773701146648607,0.774038276132196,0.0955133160073742,-0.0230925687841905,0.129257760395777,0.582857808472947,-0.00225244017553758,-0.0230925687841905,0.253967497039469,-0.0356206646502946,0.00275803199591265,0.205746380424064,0.0318252822588386,-0.119713934782912,-0.0737759466701978,-0.0696904392410453,-0.0714318086998808,-0.0690876707295637,-0.0708310841703963,-0.0708310841703963,-0.0731789096107069,-0.0708310841703963,-0.0725802562841093,-0.0708310841703963,-0.0725802562841093,-0.0725802562841093,-0.0725802562841093,-0.072030909772724,-0.0708310841703963,-0.0731789096107069,-0.0667435327592467,-0.11262215053173,-0.11262215053173,-0.0662247077104847,-0.0115409948059314,0.130071292162056,0.103463254350324,0.997114030503329,1
